BEGIN;

DELETE FROM "bisalepaymentdtl" WHERE "PAYMENTUUID" LIKE 'DEMO-SALE-%';
DELETE FROM "bisaledtl" WHERE "STOREID" = 'STORE_DEMO_001';
DELETE FROM "bibillrecvinfo" WHERE "STOREID" = 'STORE_DEMO_001';
DELETE FROM "bipaymentinfo" WHERE "STOREID" = 'STORE_DEMO_001';
DELETE FROM "bicrmdayconsume" WHERE "STOREID" = 'STORE_DEMO_001';
DELETE FROM "bicrmconsumedtl" WHERE "STOREID" = 'STORE_DEMO_001';
DELETE FROM "bi_r_shop_day" WHERE "STORE_NAME" = '星河购物中心' AND "STORE_CODE" = 'MALL_DEMO_001';
DELETE FROM "bi_r_floor_day" WHERE "STORE_NAME" = '星河购物中心' AND "STORE_CODE" = 'MALL_DEMO_001';
DELETE FROM "bi_d_contract" WHERE "STORE_NAME" = '星河购物中心' AND "STORE_CODE" = 'MALL_DEMO_001';
DELETE FROM "bi_d_tenant" WHERE "TENANT_CODE" IN ('TEN_DEMO_001', 'TEN_DEMO_002', 'TEN_DEMO_003');
DELETE FROM "bi_d_position" WHERE "STORE_NAME" = '星河购物中心' AND "STORE_CODE" = 'MALL_DEMO_001';
DELETE FROM "bi_b_tenant" WHERE "STORE_ID" = 'STORE_DEMO_001';
DELETE FROM "bilocation" WHERE "STOREID" = 'STORE_DEMO_001';
DELETE FROM "bisubject" WHERE "STOREID" = 'STORE_DEMO_001';
DELETE FROM "bicurrency" WHERE "STOREID" = 'STORE_DEMO_001';
DELETE FROM "bicategory" WHERE "STOREID" = 'STORE_DEMO_001';

INSERT INTO "bicategory" ("STOREID", "CODE", "NAME", "LVL", "MEMO", "SRC", "ENABLED")
VALUES
  ('STORE_DEMO_001', 'CAT_DEMO_FOOD', '餐饮', '1', 'Demo category - food & beverage', 1, 1),
  ('STORE_DEMO_001', 'CAT_DEMO_FASHION', '服饰零售', '1', 'Demo category - fashion retail', 1, 1),
  ('STORE_DEMO_001', 'CAT_DEMO_KIDS', '亲子娱乐', '1', 'Demo category - family entertainment', 1, 1);

INSERT INTO "bisubject" ("STOREID", "SUBJECTCODE", "SUBJECTNAME", "USETYPE", "RATE", "CLS", "MEMO", "SRC", "SUBJECT_TYPE", "DATA_FLAG")
VALUES
  ('STORE_DEMO_001', 'SUB_DEMO_RENT', '租金', '收款', 9.0000, 1, 'Demo rent subject', 1, '固定租金', 1),
  ('STORE_DEMO_001', 'SUB_DEMO_MGMT', '物业管理费', '收款', 6.0000, 1, 'Demo management fee subject', 1, '管理费', 1),
  ('STORE_DEMO_001', 'SUB_DEMO_SALES', '销售抽成', '收款', 6.0000, 1, 'Demo commission subject', 1, '抽成', 1);

INSERT INTO "bicurrency" ("STOREID", "CODE", "NAME", "SRC", "DATA_FLAG")
VALUES
  ('STORE_DEMO_001', 'PAY_DEMO_WX', '微信支付', 1, 1),
  ('STORE_DEMO_001', 'PAY_DEMO_ALI', '支付宝', 1, 1),
  ('STORE_DEMO_001', 'PAY_DEMO_BANK', '银行卡', 1, 1);

INSERT INTO "bilocation" (
  "STOREID", "CODE", "NAME", "FLOORCODE", "APPORTIONAREA", "AREA", "BUILDAREA", "POSITIONTYPE", "STATNAME",
  "SRC", "SUB_TYPE", "STORE_CODE", "STORE_NAME", "VALID_BEGIN_DATE", "VALID_END_DATE", "DATA_FLAG",
  "BUILDING_CODE", "BUILDING_NAME", "FLOORNAME"
)
VALUES
  ('STORE_DEMO_001', 'LOC_DEMO_L101', 'L1-01 临街铺', 'F1', 118.5000, 110.0000, 126.0000, '标准铺位', '已出租',
   1, '餐饮', 'MALL_DEMO_001', '星河购物中心', '2024-01-01 00:00:00', '2099-12-31 00:00:00', 1,
   'BLDG_A', 'A座', 'L1 首层'),
  ('STORE_DEMO_001', 'LOC_DEMO_L102', 'L1-02 中庭铺', 'F1', 96.0000, 88.0000, 103.5000, '标准铺位', '已出租',
   1, '零售', 'MALL_DEMO_001', '星河购物中心', '2024-01-01 00:00:00', '2099-12-31 00:00:00', 1,
   'BLDG_A', 'A座', 'L1 首层'),
  ('STORE_DEMO_001', 'LOC_DEMO_L201', 'L2-01 体验铺', 'F2', 142.0000, 135.0000, 151.8000, '主题铺位', '已出租',
   1, '亲子', 'MALL_DEMO_001', '星河购物中心', '2024-01-01 00:00:00', '2099-12-31 00:00:00', 1,
   'BLDG_A', 'A座', 'L2 二层'),
  ('STORE_DEMO_001', 'LOC_DEMO_L202', 'L2-02 快闪铺', 'F2', 78.0000, 72.0000, 84.3000, '快闪铺位', '空置',
   1, '零售', 'MALL_DEMO_001', '星河购物中心', '2024-01-01 00:00:00', '2099-12-31 00:00:00', 1,
   'BLDG_A', 'A座', 'L2 二层');

INSERT INTO "bi_d_position" (
  "STORE_CODE", "STORE_NAME", "BUILDING_TYPE", "BUILDING_CODE", "BUILDING_NAME", "FLOOR_CODE", "FLOOR_NAME",
  "POSITION_CODE", "POSITION_NAME", "POSITION_TYPE", "POSITION_STATE", "BUILDING_AREA", "USE_AREA", "RENT_AREA",
  "CONT_NO", "SIGNBOARD", "BEGIN_DATE", "END_DATE", "SRC_CODE", "RENT_PRICE", "FIXFEE_PRICE", "DATA_FLAG"
)
VALUES
  ('MALL_DEMO_001', '星河购物中心', '购物中心', 'BLDG_A', 'A座', 'F1', 'L1 首层',
   'LOC_DEMO_L101', 'L1-01 临街铺', '标准铺位', 1, 126.0000, 110.0000, 110.0000,
   'CONT_DEMO_001', '云巷咖啡', '2024-01-01 00:00:00', '2024-12-31 23:59:59', 'SRC-DEMO-POS-001', 272.7300, 45.0000, 1),
  ('MALL_DEMO_001', '星河购物中心', '购物中心', 'BLDG_A', 'A座', 'F1', 'L1 首层',
   'LOC_DEMO_L102', 'L1-02 中庭铺', '标准铺位', 1, 103.5000, 88.0000, 88.0000,
   'CONT_DEMO_002', '森屿女装', '2024-01-01 00:00:00', '2024-12-31 23:59:59', 'SRC-DEMO-POS-002', 511.3600, 52.0000, 1),
  ('MALL_DEMO_001', '星河购物中心', '购物中心', 'BLDG_A', 'A座', 'F2', 'L2 二层',
   'LOC_DEMO_L201', 'L2-01 体验铺', '主题铺位', 1, 151.8000, 135.0000, 135.0000,
   'CONT_DEMO_003', '奇趣亲子工坊', '2024-01-01 00:00:00', '2024-12-31 23:59:59', 'SRC-DEMO-POS-003', 162.9600, 40.0000, 1),
  ('MALL_DEMO_001', '星河购物中心', '购物中心', 'BLDG_A', 'A座', 'F2', 'L2 二层',
   'LOC_DEMO_L202', 'L2-02 快闪铺', '快闪铺位', 2, 84.3000, 72.0000, 72.0000,
   '-', '-', '2024-01-01 00:00:00', '2099-12-31 23:59:59', 'SRC-DEMO-POS-004', 0.0000, 0.0000, 1);

INSERT INTO "bi_b_tenant" (
  "STORE_ID", "TENANT_CODE", "TENANT_NAME", "SHORT_NAME", "EN_NAME", "EN_SHORT_NAME", "LEGAL_NAME", "TENANT_ADDR",
  "REGISTER_ADDR", "TENANT_PHONE", "TENANT_FAX", "BANK_NAME", "BANK_CARD_NO", "TAX_NO", "FIN_CODE",
  "CTR_NAME", "CTR_PHONE", "CTR_MOBILE", "SRC", "IVCTYPE", "DATA_FLAG"
)
VALUES
  ('STORE_DEMO_001', 'TEN_DEMO_001', '云巷咖啡', '云巷', 'Cloud Lane Coffee', 'CLC', '杭州云巷餐饮管理有限公司', '星河购物中心 L1-01',
   '杭州市滨江区江南大道 88 号', '0571-86001001', '0571-86001002', '招商银行杭州分行', '6222020000001001', '91330100DEMO1001', 'FIN-DEMO-001',
   '林珊', '0571-86001003', '13800001001', 1, '电子发票', 1),
  ('STORE_DEMO_001', 'TEN_DEMO_002', '森屿女装', '森屿', 'Mori Fashion', 'MORI', '上海森屿服饰有限公司', '星河购物中心 L1-02',
   '上海市长宁区虹桥路 188 号', '021-62002001', '021-62002002', '工商银行上海分行', '6222020000001002', '91310000DEMO2002', 'FIN-DEMO-002',
   '周岚', '021-62002003', '13800002002', 1, '电子发票', 1),
  ('STORE_DEMO_001', 'TEN_DEMO_003', '奇趣亲子工坊', '奇趣亲子', 'Wonder Kids Lab', 'WKL', '南京奇趣教育科技有限公司', '星河购物中心 L2-01',
   '南京市建邺区江东中路 66 号', '025-83003001', '025-83003002', '建设银行南京分行', '6222020000001003', '91320100DEMO3003', 'FIN-DEMO-003',
   '吴悠', '025-83003003', '13800003003', 1, '电子发票', 1);

INSERT INTO "bi_d_tenant" (
  "TENANT_CODE", "TENANT_NAME", "TENANT_NAME_EN", "TENANT_NAME_SHORT", "TENANT_NAME_SHORT_EN", "COMPANY_NAME",
  "TENANT_ADDRESS", "REGISTER_ADDRESS", "TENANT_PHONE", "TENANT_FAX", "BANK_NAME", "BANK_CARD_NO", "TAX_NO",
  "FIN_CODE", "CTR_NAME", "CTR_PHONE", "CTR_MOBILE_NO", "CREATE_DATE", "LASTUPT_DATE", "DATA_FLAG", "IVCTYPE"
)
VALUES
  ('TEN_DEMO_001', '云巷咖啡', 'Cloud Lane Coffee', '云巷', 'CLC', '杭州云巷餐饮管理有限公司',
   '星河购物中心 L1-01', '杭州市滨江区江南大道 88 号', '0571-86001001', '0571-86001002', '招商银行杭州分行', '6222020000001001',
   '91330100DEMO1001', 'FIN-DEMO-001', '林珊', '0571-86001003', '13800001001', '2024-01-01 00:00:00', '2024-06-05 11:25:00', 1, '电子发票'),
  ('TEN_DEMO_002', '森屿女装', 'Mori Fashion', '森屿', 'MORI', '上海森屿服饰有限公司',
   '星河购物中心 L1-02', '上海市长宁区虹桥路 188 号', '021-62002001', '021-62002002', '工商银行上海分行', '6222020000001002',
   '91310000DEMO2002', 'FIN-DEMO-002', '周岚', '021-62002003', '13800002002', '2024-01-01 00:00:00', '2024-06-12 16:35:00', 1, '电子发票'),
  ('TEN_DEMO_003', '奇趣亲子工坊', 'Wonder Kids Lab', '奇趣亲子', 'WKL', '南京奇趣教育科技有限公司',
   '星河购物中心 L2-01', '南京市建邺区江东中路 66 号', '025-83003001', '025-83003002', '建设银行南京分行', '6222020000001003',
   '91320100DEMO3003', 'FIN-DEMO-003', '吴悠', '025-83003003', '13800003003', '2024-01-01 00:00:00', '2024-06-08 10:12:00', 1, '电子发票');

INSERT INTO "bi_d_contract" (
  "STORE_CODE", "STORE_NAME", "BUILDING_TYPE", "BUILDING_CODE", "BUILDING_NAME", "FLOOR_CODE", "FLOOR_NAME",
  "TENANT_CODE", "TENANT_NAME", "SHOP_CODE", "SHOP_NAME", "SHOP_TYPE", "RENT_AREA", "CATE_CODE_LV1", "CATE_NAME_LV1",
  "CATE_CODE", "CATE_NAME", "CONT_NO", "SIGN_NO", "CONT_STATE", "SIGNBOARD", "COOP_MODE", "POS_MODE", "CONT_TYPE",
  "BEGIN_DATE", "END_DATE", "REAL_END_DATE", "SIGN_DATE", "DELIVERY_DATE", "PLAN_ENTRY_DATE", "ENTRY_DATE", "PLAN_ADORN_BEGIN",
  "PLAN_ADORN_END", "DORN_BEGIN", "ADORN_END", "RENT_DATE", "PLAN_OPEN_DATE", "OPEN_DATE", "PRINCIPAL_STORE", "MAIN_STORE",
  "SUB_TYPE", "PERM_GROUP_ID", "PERM_GROUP_TITLE", "EMPLOYEE_CODE", "EMPLOYEE_NAME", "FREE_MONTHS", "FREE_DAYS", "DATA_FLAG", "FACT_BEGINDATE"
)
VALUES
  ('MALL_DEMO_001', '星河购物中心', '购物中心', 'BLDG_A', 'A座', 'F1', 'L1 首层',
   'TEN_DEMO_001', '云巷咖啡', 'LOC_DEMO_L101', 'L1-01 临街铺', '标准铺位', 110.0000, 'CAT_DEMO_FOOD', '餐饮',
   'CAT_DEMO_FOOD', '餐饮', 'CONT_DEMO_001', 'SIGN_DEMO_001', '1', '云巷咖啡', '固定租金', '商户自有POS', '标准租赁合同',
   '2024-01-01 00:00:00', '2024-12-31 23:59:59', '2024-12-31 23:59:59', '2023-12-15 10:00:00', '2024-01-01 00:00:00', '2024-01-01 00:00:00', '2024-01-05 00:00:00', '2023-12-20 00:00:00',
   '2023-12-31 23:59:59', '2023-12-20 00:00:00', '2023-12-31 23:59:59', '2024-01-01 00:00:00', '2024-01-06 00:00:00', '2024-01-08 10:00:00', '否', '普通店铺',
   '餐饮', 'PERM_DEMO_001', '餐饮组', 'EMP_DEMO_001', '赵宁', 1.0000, 0.0000, 1, '2024-01-01 00:00:00'),
  ('MALL_DEMO_001', '星河购物中心', '购物中心', 'BLDG_A', 'A座', 'F1', 'L1 首层',
   'TEN_DEMO_002', '森屿女装', 'LOC_DEMO_L102', 'L1-02 中庭铺', '标准铺位', 88.0000, 'CAT_DEMO_FASHION', '服饰零售',
   'CAT_DEMO_FASHION', '服饰零售', 'CONT_DEMO_002', 'SIGN_DEMO_002', '1', '森屿女装', '保底+抽成', '商户自有POS', '联营合同',
   '2024-01-01 00:00:00', '2024-12-31 23:59:59', '2024-12-31 23:59:59', '2023-12-18 11:00:00', '2024-01-01 00:00:00', '2024-01-01 00:00:00', '2024-01-03 00:00:00', '2023-12-20 00:00:00',
   '2023-12-31 23:59:59', '2023-12-20 00:00:00', '2023-12-31 23:59:59', '2024-01-01 00:00:00', '2024-01-03 00:00:00', '2024-01-07 10:00:00', '否', '普通店铺',
   '零售', 'PERM_DEMO_002', '零售组', 'EMP_DEMO_002', '钱程', 0.0000, 15.0000, 1, '2024-01-01 00:00:00'),
  ('MALL_DEMO_001', '星河购物中心', '购物中心', 'BLDG_A', 'A座', 'F2', 'L2 二层',
   'TEN_DEMO_003', '奇趣亲子工坊', 'LOC_DEMO_L201', 'L2-01 体验铺', '主题铺位', 135.0000, 'CAT_DEMO_KIDS', '亲子娱乐',
   'CAT_DEMO_KIDS', '亲子娱乐', 'CONT_DEMO_003', 'SIGN_DEMO_003', '1', '奇趣亲子工坊', '固定租金', '商场统一POS', '标准租赁合同',
   '2024-01-01 00:00:00', '2024-12-31 23:59:59', '2024-12-31 23:59:59', '2023-12-20 09:30:00', '2024-01-02 00:00:00', '2024-01-02 00:00:00', '2024-01-10 00:00:00', '2023-12-22 00:00:00',
   '2024-01-08 23:59:59', '2023-12-22 00:00:00', '2024-01-08 23:59:59', '2024-01-10 00:00:00', '2024-01-15 00:00:00', '2024-01-18 10:00:00', '否', '普通店铺',
   '亲子', 'PERM_DEMO_003', '亲子组', 'EMP_DEMO_003', '孙乐', 1.0000, 0.0000, 1, '2024-01-01 00:00:00');

INSERT INTO "bisaledtl" (
  "STOREID", "FLOORCODE", "FLOORNAME", "TENANTCODE", "TENANTNAME", "POSITIONCODE", "POSITIONNAME", "YTCODE", "YTNAME",
  "CONTRACTCODE", "BEGINDATE", "ENDDATE", "SIGNBOARD", "COOPMODE", "POSMODE", "RENTAREA", "SALETYPE", "PRODUCTCODE",
  "PRODUCTNAME", "SRCBILLCODE", "QTY", "SALEYEAR", "SALEMONTH", "SALEDAY", "TOTAL", "SCORE", "UUID", "TAX", "LASTUPT_DATE"
)
VALUES
  ('STORE_DEMO_001', 'F1', 'L1 首层', 'TEN_DEMO_001', '云巷咖啡', 'LOC_DEMO_L101', 'L1-01 临街铺', 'CAT_DEMO_FOOD', '餐饮',
   'CONT_DEMO_001', '2024-01-01 00:00:00', '2024-12-31 23:59:59', '云巷咖啡', '固定租金', '商户自有POS', 110.0000, '门店零售', 'SKU_COFFEE_001',
   '招牌拿铁', 'POS202406010001', 1.000, '2024', '202406', '2024-06-01 10:15:00', 36.0000, 3.6000, 'DEMO-SALE-0001', 2.1600, '2024-06-01 10:16:00'),
  ('STORE_DEMO_001', 'F1', 'L1 首层', 'TEN_DEMO_001', '云巷咖啡', 'LOC_DEMO_L101', 'L1-01 临街铺', 'CAT_DEMO_FOOD', '餐饮',
   'CONT_DEMO_001', '2024-01-01 00:00:00', '2024-12-31 23:59:59', '云巷咖啡', '固定租金', '商户自有POS', 110.0000, '门店零售', 'SKU_COFFEE_002',
   '双人咖啡套餐', 'POS202406010002', 2.000, '2024', '202406', '2024-06-01 18:20:00', 72.0000, 7.2000, 'DEMO-SALE-0002', 4.3200, '2024-06-01 18:21:00'),
  ('STORE_DEMO_001', 'F1', 'L1 首层', 'TEN_DEMO_002', '森屿女装', 'LOC_DEMO_L102', 'L1-02 中庭铺', 'CAT_DEMO_FASHION', '服饰零售',
   'CONT_DEMO_002', '2024-01-01 00:00:00', '2024-12-31 23:59:59', '森屿女装', '保底+抽成', '商户自有POS', 88.0000, '门店零售', 'SKU_FASHION_001',
   '夏季连衣裙', 'POS202406010003', 1.000, '2024', '202406', '2024-06-01 14:10:00', 699.0000, 69.9000, 'DEMO-SALE-0003', 90.8700, '2024-06-01 14:11:00'),
  ('STORE_DEMO_001', 'F2', 'L2 二层', 'TEN_DEMO_003', '奇趣亲子工坊', 'LOC_DEMO_L201', 'L2-01 体验铺', 'CAT_DEMO_KIDS', '亲子娱乐',
   'CONT_DEMO_003', '2024-01-01 00:00:00', '2024-12-31 23:59:59', '奇趣亲子工坊', '固定租金', '商场统一POS', 135.0000, '课程销售', 'SKU_KIDS_001',
   '乐高体验课', 'POS202406020001', 2.000, '2024', '202406', '2024-06-02 15:05:00', 188.0000, 18.8000, 'DEMO-SALE-0004', 11.2800, '2024-06-02 15:06:00'),
  ('STORE_DEMO_001', 'F1', 'L1 首层', 'TEN_DEMO_002', '森屿女装', 'LOC_DEMO_L102', 'L1-02 中庭铺', 'CAT_DEMO_FASHION', '服饰零售',
   'CONT_DEMO_002', '2024-01-01 00:00:00', '2024-12-31 23:59:59', '森屿女装', '保底+抽成', '商户自有POS', 88.0000, '门店零售', 'SKU_FASHION_002',
   '秋季风衣', 'POS202406020002', 1.000, '2024', '202406', '2024-06-02 19:30:00', 899.0000, 89.9000, 'DEMO-SALE-0005', 116.8700, '2024-06-02 19:31:00'),
  ('STORE_DEMO_001', 'F1', 'L1 首层', 'TEN_DEMO_001', '云巷咖啡', 'LOC_DEMO_L101', 'L1-01 临街铺', 'CAT_DEMO_FOOD', '餐饮',
   'CONT_DEMO_001', '2024-01-01 00:00:00', '2024-12-31 23:59:59', '云巷咖啡', '固定租金', '商户自有POS', 110.0000, '外带零售', 'SKU_COFFEE_003',
   '美式咖啡', 'POS202406030001', 2.000, '2024', '202406', '2024-06-03 12:40:00', 54.0000, 5.4000, 'DEMO-SALE-0006', 3.2400, '2024-06-03 12:41:00');

INSERT INTO "bisalepaymentdtl" ("PAYMENTUUID", "PAYMENTCODE", "PAYMENTNAME", "TOTAL", "LASTUPT_DATE", "SALEDAY", "CONT_NO")
VALUES
  ('DEMO-SALE-0001', 'PAY_DEMO_WX', '微信支付', 36.0000, '2024-06-01 10:16:00', '2024-06-01 10:15:00', 'CONT_DEMO_001'),
  ('DEMO-SALE-0002', 'PAY_DEMO_WX', '微信支付', 50.0000, '2024-06-01 18:21:00', '2024-06-01 18:20:00', 'CONT_DEMO_001'),
  ('DEMO-SALE-0002', 'PAY_DEMO_BANK', '银行卡', 22.0000, '2024-06-01 18:21:00', '2024-06-01 18:20:00', 'CONT_DEMO_001'),
  ('DEMO-SALE-0003', 'PAY_DEMO_ALI', '支付宝', 699.0000, '2024-06-01 14:11:00', '2024-06-01 14:10:00', 'CONT_DEMO_002'),
  ('DEMO-SALE-0004', 'PAY_DEMO_WX', '微信支付', 188.0000, '2024-06-02 15:06:00', '2024-06-02 15:05:00', 'CONT_DEMO_003'),
  ('DEMO-SALE-0005', 'PAY_DEMO_ALI', '支付宝', 500.0000, '2024-06-02 19:31:00', '2024-06-02 19:30:00', 'CONT_DEMO_002'),
  ('DEMO-SALE-0005', 'PAY_DEMO_BANK', '银行卡', 399.0000, '2024-06-02 19:31:00', '2024-06-02 19:30:00', 'CONT_DEMO_002'),
  ('DEMO-SALE-0006', 'PAY_DEMO_WX', '微信支付', 54.0000, '2024-06-03 12:41:00', '2024-06-03 12:40:00', 'CONT_DEMO_001');

INSERT INTO "bicrmconsumedtl" (
  "FILDATE", "CARRIER", "STOREID", "BUILDING_CODE", "BUILDING_NAME", "FLOORCODE", "FLOORNAME", "YTCODE", "YTNAME",
  "SIGNBOARD", "AMT", "SCORE", "SRCNUM", "SRC", "STORE_CODE", "STORE_NAME", "CONT_NO", "TRADE_TYPE",
  "TRADE_SUB_TYPE", "SRC_CHANNEL", "GRADE_CODE", "GRADE_NAME", "LASTUPT_DATE"
)
VALUES
  ('2024-06-01 10:15:00', 'MBR_DEMO_001', 'STORE_DEMO_001', 'BLDG_A', 'A座', 'F1', 'L1 首层', 'CAT_DEMO_FOOD', '餐饮',
   '云巷咖啡', 36.0000, 3.6000, 'DEMO-CRM-0001', '前台消费', 'MALL_DEMO_001', '星河购物中心', 'CONT_DEMO_001', '消费',
   '单品购买', '小程序会员', 'VIP01', '银卡会员', '2024-06-01 10:16:00'),
  ('2024-06-01 18:20:00', 'MBR_DEMO_002', 'STORE_DEMO_001', 'BLDG_A', 'A座', 'F1', 'L1 首层', 'CAT_DEMO_FOOD', '餐饮',
   '云巷咖啡', 72.0000, 7.2000, 'DEMO-CRM-0002', '前台消费', 'MALL_DEMO_001', '星河购物中心', 'CONT_DEMO_001', '消费',
   '套餐购买', '门店收银', 'VIP02', '金卡会员', '2024-06-01 18:21:00'),
  ('2024-06-01 14:10:00', 'MBR_DEMO_003', 'STORE_DEMO_001', 'BLDG_A', 'A座', 'F1', 'L1 首层', 'CAT_DEMO_FASHION', '服饰零售',
   '森屿女装', 699.0000, 69.9000, 'DEMO-CRM-0003', '前台消费', 'MALL_DEMO_001', '星河购物中心', 'CONT_DEMO_002', '消费',
   '新品购买', '门店收银', 'VIP02', '金卡会员', '2024-06-01 14:11:00'),
  ('2024-06-02 15:05:00', 'MBR_DEMO_004', 'STORE_DEMO_001', 'BLDG_A', 'A座', 'F2', 'L2 二层', 'CAT_DEMO_KIDS', '亲子娱乐',
   '奇趣亲子工坊', 188.0000, 18.8000, 'DEMO-CRM-0004', '前台消费', 'MALL_DEMO_001', '星河购物中心', 'CONT_DEMO_003', '消费',
   '课程报名', '会员中心', 'VIP01', '银卡会员', '2024-06-02 15:06:00'),
  ('2024-06-02 19:30:00', 'MBR_DEMO_001', 'STORE_DEMO_001', 'BLDG_A', 'A座', 'F1', 'L1 首层', 'CAT_DEMO_FASHION', '服饰零售',
   '森屿女装', 899.0000, 89.9000, 'DEMO-CRM-0005', '前台消费', 'MALL_DEMO_001', '星河购物中心', 'CONT_DEMO_002', '消费',
   '老客复购', '企微导购', 'VIP03', '黑金会员', '2024-06-02 19:31:00'),
  ('2024-06-03 12:40:00', 'MBR_DEMO_005', 'STORE_DEMO_001', 'BLDG_A', 'A座', 'F1', 'L1 首层', 'CAT_DEMO_FOOD', '餐饮',
   '云巷咖啡', 54.0000, 5.4000, 'DEMO-CRM-0006', '前台消费', 'MALL_DEMO_001', '星河购物中心', 'CONT_DEMO_001', '消费',
   '工作日外带', '门店收银', 'VIP01', '银卡会员', '2024-06-03 12:41:00');

INSERT INTO "bicrmdayconsume" (
  "BUSDATE", "STOREID", "BUILDING_CODE", "BUILDING_NAME", "FLOORCODE", "FLOORNAME", "YTCODE", "YTNAME", "TENANTCODE",
  "TENANTNAME", "SIGNBOARD", "POSITIONCODE", "QTY", "AMT", "SCORE", "STORE_CODE", "STORE_NAME"
)
VALUES
  ('2024-06-01 00:00:00', 'STORE_DEMO_001', 'BLDG_A', 'A座', 'F1', 'L1 首层', 'CAT_DEMO_FOOD', '餐饮', 'TEN_DEMO_001',
   '云巷咖啡', '云巷咖啡', 'LOC_DEMO_L101', 2, 108.0000, 10.8000, 'MALL_DEMO_001', '星河购物中心'),
  ('2024-06-01 00:00:00', 'STORE_DEMO_001', 'BLDG_A', 'A座', 'F1', 'L1 首层', 'CAT_DEMO_FASHION', '服饰零售', 'TEN_DEMO_002',
   '森屿女装', '森屿女装', 'LOC_DEMO_L102', 1, 699.0000, 69.9000, 'MALL_DEMO_001', '星河购物中心'),
  ('2024-06-02 00:00:00', 'STORE_DEMO_001', 'BLDG_A', 'A座', 'F2', 'L2 二层', 'CAT_DEMO_KIDS', '亲子娱乐', 'TEN_DEMO_003',
   '奇趣亲子工坊', '奇趣亲子工坊', 'LOC_DEMO_L201', 1, 188.0000, 18.8000, 'MALL_DEMO_001', '星河购物中心'),
  ('2024-06-02 00:00:00', 'STORE_DEMO_001', 'BLDG_A', 'A座', 'F1', 'L1 首层', 'CAT_DEMO_FASHION', '服饰零售', 'TEN_DEMO_002',
   '森屿女装', '森屿女装', 'LOC_DEMO_L102', 1, 899.0000, 89.9000, 'MALL_DEMO_001', '星河购物中心'),
  ('2024-06-03 00:00:00', 'STORE_DEMO_001', 'BLDG_A', 'A座', 'F1', 'L1 首层', 'CAT_DEMO_FOOD', '餐饮', 'TEN_DEMO_001',
   '云巷咖啡', '云巷咖啡', 'LOC_DEMO_L101', 1, 54.0000, 5.4000, 'MALL_DEMO_001', '星河购物中心');

INSERT INTO "bi_r_shop_day" (
  "CAL_DATE", "DATE_TYPE", "STORE_CODE", "STORE_NAME", "BUILDING_CODE", "BUILDING_NAME", "FLOOR_CODE", "FLOOR_NAME",
  "CONT_NO", "SIGNBOARD", "SHOP_TYPE", "CATE_CODE_LV1", "CATE_NAME_LV1", "CATE_CODE_LV2", "CATE_NAME_LV2",
  "CATE_CODE_LV3", "CATE_NAME_LV3", "CATE_CODE_LV4", "CATE_NAME_LV4", "MAIN_STORE", "RENT_AREA", "SALES_FLAG",
  "SALES_AMT", "SALES_AMT_YOY", "SALES_AMT_MOM", "SALES_AMT_AVG", "SALES_AMT_MONTH", "SALES_AMT_MEMBER",
  "SALES_AMT_MEMBER_YOY", "SALES_AMT_MEMBER_MOM", "SALES_NUMS", "SALES_NUMS_YOY", "SALES_NUMS_MOM", "SALES_NUMS_MEMBER",
  "SALES_NUMS_MEMBER_YOY", "SALES_NUMS_MEMBER_MOM", "PASSENGER_NUMS", "PASSENGER_NUMS_YOY", "PASSENGER_NUMS_MOM",
  "PASSENGER_NUMS_AVG", "PASSENGER_NUMS_MONTH", "SALES_BUDGET_MONTH", "PASSENGER_BUDGET_MONTH", "CATE_SALES_EFFECT_DAY_AVG",
  "FLOOR_SALES_EFFECT_DAY_AVG", "BUILDING_TYPE", "SALES_AMT_WOW", "SALES_AMT_DOD", "SALES_AMT_MEMBER_WOW", "SALES_AMT_MEMBER_DOD",
  "SALES_NUMS_WOW", "SALES_NUMS_DOD", "SALES_NUMS_MEMBER_WOW", "SALES_NUMS_MEMBER_DOD", "PASSENGER_NUMS_WOW", "PASSENGER_NUMS_DOD",
  "SHOP_CODE", "SALES_SCORE", "SALES_SCORE_YOY", "SALES_SCORE_MOM", "SALES_SCORE_WOW", "SALES_SCORE_DOD", "COUPON_USE_AMT",
  "COUPON_USE_NUMS", "SALES_RENT_AMT", "SALES_RENT_AMT_YOY", "SALES_RENT_AMT_MOM", "SALES_RENT_AMT_WOW", "SALES_RENT_AMT_DOD", "SALES_RENT_AMT_MONTH"
)
VALUES
  ('2024-06-01 00:00:00', 1, 'MALL_DEMO_001', '星河购物中心', 'BLDG_A', 'A座', 'F1', 'L1 首层',
   'CONT_DEMO_001', '云巷咖啡', '餐饮', 'CAT_DEMO_FOOD', '餐饮', null, null,
   null, null, null, null, '是', 110.0000, 1,
   108.0000, 0.0000, 0.0000, 108.0000, 108.0000, 108.0000,
   0.0000, 0.0000, 2.0000, 0.0000, 0.0000, 2,
   0, 0, 36, 0, 0,
   36, 36, 3000.0000, 1000.0000, 0.9818,
   0.1338, '购物中心', 0.0000, 108.0000, 0.0000, 108.0000,
   0.0000, 2.0000, 0, 2, 0, 36,
   'TEN_DEMO_001', 0.0982, 0.0000, 0.0000, 0.0000, 0.0982, 0.0000,
   0, 0.9818, 0.0000, 0.0000, 0.0000, 0.9818, 0.9818),
  ('2024-06-01 00:00:00', 1, 'MALL_DEMO_001', '星河购物中心', 'BLDG_A', 'A座', 'F1', 'L1 首层',
   'CONT_DEMO_002', '森屿女装', '零售', 'CAT_DEMO_FASHION', '服饰零售', null, null,
   null, null, null, null, '是', 88.0000, 1,
   699.0000, 0.0000, 0.0000, 699.0000, 699.0000, 699.0000,
   0.0000, 0.0000, 1.0000, 0.0000, 0.0000, 1,
   0, 0, 22, 0, 0,
   22, 22, 3000.0000, 1000.0000, 7.9432,
   0.8662, '购物中心', 0.0000, 699.0000, 0.0000, 699.0000,
   0.0000, 1.0000, 0, 1, 0, 22,
   'TEN_DEMO_002', 7.9432, 0.0000, 0.0000, 0.0000, 7.9432, 0.0000,
   0, 7.9432, 0.0000, 0.0000, 0.0000, 7.9432, 7.9432),
  ('2024-06-02 00:00:00', 1, 'MALL_DEMO_001', '星河购物中心', 'BLDG_A', 'A座', 'F2', 'L2 二层',
   'CONT_DEMO_003', '奇趣亲子工坊', '亲子娱乐', 'CAT_DEMO_KIDS', '亲子娱乐', null, null,
   null, null, null, null, '是', 135.0000, 1,
   188.0000, 0.0000, 0.0000, 188.0000, 188.0000, 188.0000,
   0.0000, 0.0000, 1.0000, 0.0000, 0.0000, 1,
   0, 0, 14, 0, 0,
   14, 14, 3000.0000, 1000.0000, 1.3926,
   1.1579, '购物中心', 0.0000, 188.0000, 0.0000, 188.0000,
   0.0000, 1.0000, 0, 1, 0, 14,
   'TEN_DEMO_003', 1.3926, 0.0000, 0.0000, 0.0000, 1.3926, 0.0000,
   0, 1.3926, 0.0000, 0.0000, 0.0000, 1.3926, 1.3926),
  ('2024-06-02 00:00:00', 1, 'MALL_DEMO_001', '星河购物中心', 'BLDG_A', 'A座', 'F1', 'L1 首层',
   'CONT_DEMO_002', '森屿女装', '零售', 'CAT_DEMO_FASHION', '服饰零售', null, null,
   null, null, null, null, '是', 88.0000, 1,
   899.0000, 0.0000, 0.0000, 899.0000, 899.0000, 899.0000,
   0.0000, 0.0000, 1.0000, 0.0000, 0.0000, 1,
   0, 0, 18, 0, 0,
   18, 18, 3000.0000, 1000.0000, 10.2159,
   0.8654, '购物中心', 0.0000, 899.0000, 0.0000, 899.0000,
   0.0000, 1.0000, 0, 1, 0, 18,
   'TEN_DEMO_002', 10.2159, 0.0000, 0.0000, 0.0000, 10.2159, 0.0000,
   0, 10.2159, 0.0000, 0.0000, 0.0000, 10.2159, 10.2159),
  ('2024-06-03 00:00:00', 1, 'MALL_DEMO_001', '星河购物中心', 'BLDG_A', 'A座', 'F1', 'L1 首层',
   'CONT_DEMO_001', '云巷咖啡', '餐饮', 'CAT_DEMO_FOOD', '餐饮', null, null,
   null, null, null, null, '是', 110.0000, 1,
   54.0000, 0.0000, 0.0000, 54.0000, 54.0000, 54.0000,
   0.0000, 0.0000, 1.0000, 0.0000, 0.0000, 1,
   0, 0, 16, 0, 0,
   16, 16, 3000.0000, 1000.0000, 0.4909,
   0.0540, '购物中心', 0.0000, 54.0000, 0.0000, 54.0000,
   0.0000, 1.0000, 0, 1, 0, 16,
   'TEN_DEMO_001', 0.0491, 0.0000, 0.0000, 0.0000, 0.0491, 0.0000,
   0, 0.4909, 0.0000, 0.0000, 0.0000, 0.4909, 0.4909);

INSERT INTO "bi_r_floor_day" (
  "CAL_DATE", "DATE_TYPE", "STORE_CODE", "STORE_NAME", "BUILDING_CODE", "BUILDING_NAME", "FLOOR_CODE", "FLOOR_NAME",
  "BUILDING_AREA", "RENT_AREA", "RENTED_AREA", "POSITION_NUMS", "RENTED_POSITION_NUMS", "SALES_AMT", "SALES_AMT_YOY",
  "SALES_AMT_MOM", "SALES_AMT_AVG", "SALES_AMT_MONTH", "SALES_AMT_MEMBER", "SALES_AMT_MEMBER_YOY", "SALES_AMT_MEMBER_MOM",
  "SALES_NUMS", "SALES_NUMS_MEMBER_YOY", "SALES_NUMS_MEMBER_MOM", "SALES_NUMS_YOY", "SALES_NUMS_MOM", "SALES_NUMS_MEMBER",
  "PASSENGER_NUMS", "PASSENGER_NUMS_YOY", "PASSENGER_NUMS_MOM", "PASSENGER_NUMS_AVG", "PASSENGER_NUMS_MONTH", "SALES_BUDGET_MONTH",
  "PASSENGER_BUDGET_MONTH", "RENT_BUDGET_MONTH", "BUILDING_TYPE", "SALES_AMT_WOW", "SALES_AMT_DOD", "SALES_AMT_MEMBER_WOW",
  "SALES_AMT_MEMBER_DOD", "SALES_NUMS_MEMBER_WOW", "SALES_NUMS_MEMBER_DOD", "SALES_NUMS_WOW", "SALES_NUMS_DOD", "PASSENGER_NUMS_WOW", "PASSENGER_NUMS_DOD"
)
VALUES
  ('2024-06-01 00:00:00', 1, 'MALL_DEMO_001', '星河购物中心', 'BLDG_A', 'A座', 'F1', 'L1 首层',
   229.5000, 198.0000, 198.0000, 2, 2, 807.0000, 0.0000,
   0.0000, 807.0000, 807.0000, 807.0000, 0.0000, 0.0000,
   3.0000, 0, 0, 0.0000, 0.0000, 3,
   58, 0, 0, 58, 58, 6000.0000,
   2000.0000, 75000.0000, '购物中心', 0.0000, 807.0000, 0.0000,
   807.0000, 0, 3, 0.0000, 3.0000, 0, 58),
  ('2024-06-02 00:00:00', 1, 'MALL_DEMO_001', '星河购物中心', 'BLDG_A', 'A座', 'F1', 'L1 首层',
   229.5000, 198.0000, 198.0000, 2, 2, 899.0000, 0.0000,
   0.0000, 899.0000, 899.0000, 899.0000, 0.0000, 0.0000,
   1.0000, 0, 0, 0.0000, 0.0000, 1,
   18, 0, 0, 18, 18, 6000.0000,
   2000.0000, 75000.0000, '购物中心', 0.0000, 899.0000, 0.0000,
   899.0000, 0, 1, 0.0000, 1.0000, 0, 18),
  ('2024-06-02 00:00:00', 1, 'MALL_DEMO_001', '星河购物中心', 'BLDG_A', 'A座', 'F2', 'L2 二层',
   236.1000, 207.0000, 135.0000, 2, 1, 188.0000, 0.0000,
   0.0000, 188.0000, 188.0000, 188.0000, 0.0000, 0.0000,
   1.0000, 0, 0, 0.0000, 0.0000, 1,
   14, 0, 0, 14, 14, 6000.0000,
   2000.0000, 75000.0000, '购物中心', 0.0000, 188.0000, 0.0000,
   188.0000, 0, 1, 0.0000, 1.0000, 0, 14),
  ('2024-06-03 00:00:00', 1, 'MALL_DEMO_001', '星河购物中心', 'BLDG_A', 'A座', 'F1', 'L1 首层',
   229.5000, 198.0000, 198.0000, 2, 2, 54.0000, 0.0000,
   0.0000, 54.0000, 54.0000, 54.0000, 0.0000, 0.0000,
   1.0000, 0, 0, 0.0000, 0.0000, 1,
   16, 0, 0, 16, 16, 6000.0000,
   2000.0000, 75000.0000, '购物中心', 0.0000, 54.0000, 0.0000,
   54.0000, 0, 1, 0.0000, 1.0000, 0, 16);

INSERT INTO "bibillrecvinfo" (
  "STOREID", "FLOORCODE", "FLOORNAME", "TENANTCODE", "TENANTNAME", "POSITIONCODE", "POSITIONNAME", "CONTRACTCODE",
  "SIGNBOARD", "YTCODE", "YTNAME", "SUBJECTCODE", "SUBJECTNAME", "TAXRATE", "SETTLENO", "BILLYEAR", "BILLMONTH",
  "BEGINDATE", "ENDDATE", "LASTPAYDATE", "DIRECTION", "YS", "SS", "SRCNUM", "BILL_NUM", "SRCCLS", "STATETAG",
  "LASTUPT_DATE", "BILL_DATE", "ACCOUNT_DATE", "STORE_CODE", "STORE_NAME", "BUILDING_CODE", "BUILDING_NAME"
)
VALUES
   ('STORE_DEMO_001', 'F1', 'L1 首层', 'TEN_DEMO_001', '云巷咖啡', 'LOC_DEMO_L101', 'L1-01 临街铺', 'CONT_DEMO_001',
    '云巷咖啡', 'CAT_DEMO_FOOD', '餐饮', 'SUB_DEMO_RENT', '租金', 9.0000, '202406', '2024', '6',
   '2024-06-01 00:00:00', '2024-06-30 23:59:59', '2024-06-10 23:59:59', 1.0000, 30000.0000, 30000.0000,
   'DEMO-REC-0001', 'BILL-DEMO-0001', '租金账单', 1, '2024-06-05 11:25:00', '2024-06-01 09:00:00', '2024-06-01 09:00:00',
   'MALL_DEMO_001', '星河购物中心', 'BLDG_A', 'A座'),
   ('STORE_DEMO_001', 'F1', 'L1 首层', 'TEN_DEMO_002', '森屿女装', 'LOC_DEMO_L102', 'L1-02 中庭铺', 'CONT_DEMO_002',
    '森屿女装', 'CAT_DEMO_FASHION', '服饰零售', 'SUB_DEMO_RENT', '租金', 9.0000, '202406', '2024', '6',
   '2024-06-01 00:00:00', '2024-06-30 23:59:59', '2024-06-10 23:59:59', 1.0000, 45000.0000, 45000.0000,
   'DEMO-REC-0002', 'BILL-DEMO-0002', '租金账单', 1, '2024-06-06 15:18:00', '2024-06-01 09:10:00', '2024-06-01 09:10:00',
   'MALL_DEMO_001', '星河购物中心', 'BLDG_A', 'A座'),
   ('STORE_DEMO_001', 'F2', 'L2 二层', 'TEN_DEMO_003', '奇趣亲子工坊', 'LOC_DEMO_L201', 'L2-01 体验铺', 'CONT_DEMO_003',
    '奇趣亲子工坊', 'CAT_DEMO_KIDS', '亲子娱乐', 'SUB_DEMO_MGMT', '物业管理费', 6.0000, '202406', '2024', '6',
   '2024-06-01 00:00:00', '2024-06-30 23:59:59', '2024-06-12 23:59:59', 1.0000, 18000.0000, 18000.0000,
   'DEMO-REC-0003', 'BILL-DEMO-0003', '物业费账单', 1, '2024-06-08 10:12:00', '2024-06-01 09:20:00', '2024-06-01 09:20:00',
   'MALL_DEMO_001', '星河购物中心', 'BLDG_A', 'A座'),
   ('STORE_DEMO_001', 'F1', 'L1 首层', 'TEN_DEMO_002', '森屿女装', 'LOC_DEMO_L102', 'L1-02 中庭铺', 'CONT_DEMO_002',
    '森屿女装', 'CAT_DEMO_FASHION', '服饰零售', 'SUB_DEMO_MGMT', '物业管理费', 6.0000, '202406', '2024', '6',
   '2024-06-01 00:00:00', '2024-06-30 23:59:59', '2024-06-12 23:59:59', 1.0000, 12000.0000, 6000.0000,
   'DEMO-REC-0004', 'BILL-DEMO-0004', '物业费账单', 1, '2024-06-12 16:35:00', '2024-06-01 09:30:00', '2024-06-01 09:30:00',
   'MALL_DEMO_001', '星河购物中心', 'BLDG_A', 'A座'),
   ('STORE_DEMO_001', 'F2', 'L2 二层', 'TEN_DEMO_003', '奇趣亲子工坊', 'LOC_DEMO_L201', 'L2-01 体验铺', 'CONT_DEMO_003',
    '奇趣亲子工坊', 'CAT_DEMO_KIDS', '亲子娱乐', 'SUB_DEMO_RENT', '租金', 9.0000, '202406', '2024', '6',
   '2024-06-01 00:00:00', '2024-06-30 23:59:59', '2024-06-15 23:59:59', 1.0000, 22000.0000, 0.0000,
   'DEMO-REC-0005', 'BILL-DEMO-0005', '租金账单', 0, '2024-06-01 09:40:00', '2024-06-01 09:40:00', '2024-06-01 09:40:00',
   'MALL_DEMO_001', '星河购物中心', 'BLDG_A', 'A座');

INSERT INTO "bipaymentinfo" (
  "STOREID", "FLOORCODE", "FLOORNAME", "TENANTCODE", "TENANTNAME", "POSITIONCODE", "POSITIONNAME", "CONTRACTCODE", "SIGNBOARD",
  "YTCODE", "YTNAME", "BILLYEAR", "BILLMONTH", "BEGINDATE", "ENDDATE", "PAYDATE", "BUSDATE", "SUBJECTCODE", "SUBJECTNAME",
  "PAYCODE", "PAYNAME", "BANKCODE", "BANKNAME", "BANKACCOUNT", "PIVCTYPE", "PIVCCODE", "PIVCNUMBER", "TOTAL", "SRCCLS",
  "SRCNUM", "COLFEENUM", "STATETAG", "LASTUPT_DATE", "STORE_CODE", "PAYEECODE", "PAYEENAME", "STORE_NAME", "BUILDING_CODE", "BUILDING_NAME"
)
VALUES
   ('STORE_DEMO_001', 'F1', 'L1 首层', 'TEN_DEMO_001', '云巷咖啡', 'LOC_DEMO_L101', 'L1-01 临街铺', 'CONT_DEMO_001', '云巷咖啡',
    'CAT_DEMO_FOOD', '餐饮', '2024', '6', '2024-06-01 00:00:00', '2024-06-30 23:59:59', '2024-06-05 11:20:00', '2024-06-05 11:25:00', 'SUB_DEMO_RENT', '租金',
   'PAY_DEMO_BANK', '银行卡', 'ICBC', '中国工商银行', '6222020000001001', '增值税专用发票', 'INV2024060001', 'NO2024060001', 30000.0000, '租金收款',
   'DEMO-REC-0001', 'COLLECT-DEMO-0001', 1, '2024-06-05 11:25:00', 'MALL_DEMO_001', 'CASHIER01', '张晨', '星河购物中心', 'BLDG_A', 'A座'),
   ('STORE_DEMO_001', 'F1', 'L1 首层', 'TEN_DEMO_002', '森屿女装', 'LOC_DEMO_L102', 'L1-02 中庭铺', 'CONT_DEMO_002', '森屿女装',
    'CAT_DEMO_FASHION', '服饰零售', '2024', '6', '2024-06-01 00:00:00', '2024-06-30 23:59:59', '2024-06-06 15:10:00', '2024-06-06 15:18:00', 'SUB_DEMO_RENT', '租金',
   'PAY_DEMO_ALI', '支付宝', 'ALIPAY', '支付宝', 'ALIPAY-DEMO-002', '增值税普通发票', 'INV2024060002', 'NO2024060002', 45000.0000, '租金收款',
   'DEMO-REC-0002', 'COLLECT-DEMO-0002', 1, '2024-06-06 15:18:00', 'MALL_DEMO_001', 'CASHIER02', '李瑶', '星河购物中心', 'BLDG_A', 'A座'),
   ('STORE_DEMO_001', 'F2', 'L2 二层', 'TEN_DEMO_003', '奇趣亲子工坊', 'LOC_DEMO_L201', 'L2-01 体验铺', 'CONT_DEMO_003', '奇趣亲子工坊',
    'CAT_DEMO_KIDS', '亲子娱乐', '2024', '6', '2024-06-01 00:00:00', '2024-06-30 23:59:59', '2024-06-08 10:05:00', '2024-06-08 10:12:00', 'SUB_DEMO_MGMT', '物业管理费',
   'PAY_DEMO_WX', '微信支付', 'WX', '微信支付商户号', 'WX-DEMO-003', '电子发票', 'INV2024060003', 'NO2024060003', 18000.0000, '物业费收款',
   'DEMO-REC-0003', 'COLLECT-DEMO-0003', 1, '2024-06-08 10:12:00', 'MALL_DEMO_001', 'CASHIER03', '王瑞', '星河购物中心', 'BLDG_A', 'A座'),
   ('STORE_DEMO_001', 'F1', 'L1 首层', 'TEN_DEMO_002', '森屿女装', 'LOC_DEMO_L102', 'L1-02 中庭铺', 'CONT_DEMO_002', '森屿女装',
    'CAT_DEMO_FASHION', '服饰零售', '2024', '6', '2024-06-01 00:00:00', '2024-06-30 23:59:59', '2024-06-12 16:30:00', '2024-06-12 16:35:00', 'SUB_DEMO_MGMT', '物业管理费',
   'PAY_DEMO_BANK', '银行卡', 'ICBC', '中国工商银行', '6222020000001002', '增值税普通发票', 'INV2024060004', 'NO2024060004', 6000.0000, '物业费收款',
   'DEMO-REC-0004', 'COLLECT-DEMO-0004', 1, '2024-06-12 16:35:00', 'MALL_DEMO_001', 'CASHIER02', '李瑶', '星河购物中心', 'BLDG_A', 'A座');

COMMIT;
